CustomerID,CustomerName,Email,PhoneNumber,City
1,Olivia Johnson,olivia.johnson@email.com,(825) 323-5964,New York
2,Liam Williams,liam.williams@mail.net,(804) 911-0293,Los Angeles
3,Emma Brown,emma.brown@sample.org,(582) 518-8418,Chicago
4,Noah Davis,noah.davis@workmail.com,(497) 749-9660,Houston
5,Ava Miller,ava.miller@personal.info,(494) 809-9812,Phoenix
6,William Wilson,william.wilson@online.com,(330) 969-3835,Philadelphia
7,Sophia Moore,sophia.moore@digital.co,(235) 169-1914,San Diego
8,James Taylor,james.taylor@emailers.com,(619) 868-4905,Dallas
9,Isabella Anderson,isabella.anderson@mymail.biz,(748) 566-9728,San Jose
10,Benjamin Thomas,benjamin.thomas@netmail.net,(858) 653-5839,Fort Lauderdale
11,Mia Jackson,mia.jackson@samplemail.org,(690) 662-5907,Seattle
12,Ethan White,ethan.white@work.info,(393) 559-3771,Denver
13,Charlotte Harris,charlotte.harris@person.com,(472) 955-9726,Tampa
14,Michael Martin,michael.martin@onlinemail.co,(625) 177-9056,Atlanta
15,Amelia Thompson,amelia.thompson@digitalmail.com,(740) 355-7889,New Orleans
16,Daniel Garcia,daniel.garcia@emailing.net,(569) 267-8378,Boston
17,Harper Martinez,harper.martinez@mailservice.biz,(388) 887-0517,Sacramento
18,Henry Robinson,henry.robinson@netaddress.info,(443) 067-3289,Austin
19,Evelyn Clark,evelyn.clark@sampleonline.org,(484) 224-3349,Las Vegas
20,Joseph Rodriguez,joseph.rodriguez@workonline.com,(425) 339-2844,Portland
21,Abigail Lewis,abigail.lewis@emailers.net,(465) 192-5773,Detroit
22,Samuel Lee,samuel.lee@myemail.co,(498) 636-4019,Minneapolis
23,Emily Walker,emily.walker@digitalmail.org,(624) 987-0724,St. Louis
24,David Hall,david.hall@emailprovider.com,(476) 724-7047,Pittsburgh
25,Madison Allen,madison.allen@mailonline.info,(671) 417-3606,Cleveland
26,Matthew Young,matthew.young@netemails.biz,(403) 169-3424,Columbus
27,Elizabeth King,elizabeth.king@samplemail.net,(826) 099-7845,Salt Lake City
28,Andrew Wright,andrew.wright@workemail.org,(415) 719-7279,Charlotte
29,Chloe Scott,chloe.scott@personalmail.com,(668) 221-9516,Jackson
30,Christopher Green,christopher.green@onlineemail.biz,(269) 748-0647,Albuquerque
31,Sarah Adams,sarah.adams@email.us,(425) 442-1790,Riverside
32,Tyler Baker,tyler.baker@mail.us,(664) 802-9370,Tulsa
33,Ashley Nelson,ashley.nelson@sample.us,(848) 123-6822,Oklahoma City
34,Brandon Carter,brandon.carter@workmail.us,(339) 929-6088,Kansas City
35,Jessica Roberts,jessica.roberts@personal.us,(753) 912-1766,Indianapolis
36,Kevin Phillips,kevin.phillips@online.us,(660) 671-3800,Nashville
37,Brittany Campbell,brittany.campbell@digital.us,(383) 340-4519,Portland
38,Justin Parker,justin.parker@emailers.us,(772) 487-5358,Virginia Beach
39,Stephanie Edwards,stephanie.edwards@mymail.us,(483) 807-9799,Richmond
40,Ryan Collins,ryan.collins@netmail.us,(406) 790-4710,Honolulu
41,Megan Stewart,megan.stewart@email.info,(857) 254-6983,Warren
42,Nicholas Sanchez,nicholas.sanchez@mail.info,(291) 517-8639,Birmingham
43,Lauren Morris,lauren.morris@sample.info,(662) 386-3143,Montgomery
44,Kyle Ward,kyle.ward@workmail.info,(794) 827-5460,Little Rock
45,Kayla Flores,kayla.flores@personal.info,(250) 069-9672,Sioux Falls
46,Jonathan Reed,jonathan.reed@online.info,(870) 174-1420,Fargo
47,Taylor Cooper,taylor.cooper@digital.info,(396) 884-4354,Billings
48,Brandon Richardson,brandon.richardson@emailers.info,(470) 733-3255,Cheyenne
49,Alyssa Cox,alyssa.cox@mymail.info,(463) 767-8270,Anchorage
50,Austin Howard,austin.howard@netmail.info,(953) 956-4412,Tallahassee
51,Brianna Torres,brianna.torres@email.biz,(581) 067-4295,El Paso
52,Jose Ramirez,jose.ramirez@mail.biz,(408) 169-8939,McAllen
53,Sydney Hayes,sydney.hayes@sample.biz,(736) 092-7158,Corpus Christi
54,Cameron Bennett,cameron.bennett@workmail.biz,(969) 342-1171,San Antonio
55,Morgan Wood,morgan.wood@personal.biz,(453) 462-5245,Plano
56,Jordan Barnes,jordan.barnes@online.biz,(315) 983-2179,Fort Worth
57,Madison Price,madison.price@digital.biz,(581) 522-3208,Fayetteville
58,Aaron Rivera,aaron.rivera@emailers.biz,(423) 305-9458,Louisville
59,Alexis Coleman,alexis.coleman@mymail.biz,(449) 079-3798,Lexington
60,Cody Jenkins,cody.jenkins@netmail.biz,(245) 784-2728,Ashland
61,Destiny Perry,destiny.perry@email.co,(807) 166-5242,Charleston
62,Angel Murphy,angel.murphy@mail.co,(388) 402-0184,Columbia
63,Jasmine Bailey,jasmine.bailey@sample.co,(433) 077-4959,Charleston
64,Marcus Henderson,marcus.henderson@workmail.co,(290) 940-3212,Wilmington
65,Sierra Kelly,sierra.kelly@personal.co,(876) 574-3143,Greensboro
66,Dakota Brooks,dakota.brooks@online.co,(967) 026-3432,Concord
67,Skylar Sanders,skylar.sanders@digital.co,(690) 573-5052,Raleigh
68,Chase Ross,chase.ross@emailers.co,(605) 353-7739,Greenville
69,Avery Griffin,avery.griffin@mymail.co,(557) 234-1637,Savannah
70,Blake Stewart,blake.stewart@netmail.co,(889) 493-2867,Macon
71,Riley Chapman,riley.chapman@email.org,(391) 620-2586,Albany
72,Carson Medina,carson.medina@mail.org,(560) 250-7298,Orlando
73,Jamie Hayes,jamie.hayes@sample.org,(915) 025-0975,Melbourne
74,Adrian Price,adrian.price@workmail.org,(838) 161-1900,St. Petersburg
75,London Jenkins,london.jenkins@personal.org,(397) 099-7818,Sarasota
76,River Bennett,river.bennett@online.org,(679) 402-2786,Lakeland
77,Dakota Butler,dakota.butler@digital.org,(328) 314-2092,West Palm Beach
78,Angel Barnes,angel.barnes@emailers.org,(833) 974-7636,Brownsville
79,Phoenix Flores,phoenix.flores@mymail.org,(364) 160-3893,Laredo
80,Hunter Perry,hunter.perry@netmail.org,(835) 900-8083,Beaumont
81,Willow Cox,willow.cox@email.com.us,(926) 147-3245,Galveston
82,Sawyer Reed,sawyer.reed@mail.com.us,(499) 820-8935,College Station
83,Aspen Howard,aspen.howard@sample.com.us,(569) 048-0932,Waco
84,Dakota Torres,dakota.torres@workmail.com.us,(895) 164-0385,Amarillo
85,Indigo Ramirez,indigo.ramirez@personal.com.us,(680) 251-7181,Lubbock
86,Ocean Hayes,ocean.hayes@online.com.us,(281) 600-4609,Abilene
87,Wren Bennett,wren.bennett@digital.com.us,(680) 136-6839,Victoria
88,Forrest Wood,forrest.wood@emailers.com.us,(675) 456-3900,San Angelo
89,Sierra Barnes,sierra.barnes@mymail.com.us,(957) 096-3838,Odessa
90,River Price,river.price@netmail.com.us,(564) 603-1705,Midland
91,Skylar Rivera,skylar.rivera@email.net.us,(284) 582-5067,Las Cruces
92,Phoenix Coleman,phoenix.coleman@mail.net.us,(285) 427-7131,Santa Fe
93,Harley Jenkins,harley.jenkins@sample.net.us,(365) 783-1145,Flagstaff
94,Juniper Perry,juniper.perry@workmail.net.us,(951) 379-2533,Scottsdale
95,Rowan Murphy,rowan.murphy@personal.net.us,(439) 314-7793,Mesa
96,Sage Bailey,sage.bailey@online.net.us,(774) 944-4418,Henderson
97,Axel Henderson,axel.henderson@digital.net.us,(653) 067-2757,Reno
98,Indigo Kelly,indigo.kelly@emailers.net.us,(672) 930-3155,Carson City
99,Wren Brooks,wren.brooks@mymail.net.us,(711) 449-3725,San Bernardino
100,Forrest Sanders,forrest.sanders@netmail.net.us,(304) 661-5478,Riverside
101,Summer Hayes,summer.hayes@email.com.us,(516) 963-2322,San Diego
102,Winter Bennett,winter.bennett@mail.com.us,(510) 754-9350,Chula Vista
103,Autumn Wood,autumn.wood@sample.com.us,(505) 963-4018,Oceanside
104,Blaze Barnes,blaze.barnes@workmail.com.us,(652) 029-8594,Temecula
105,Skylar Price,skylar.price@personal.com.us,(882) 983-8204,Escondido
106,River Rivera,river.rivera@online.com.us,(403) 423-4608,Fontana
107,Juniper Coleman,juniper.coleman@digital.com.us,(593) 641-2736,Moreno Valley
108,Harley Jenkins,harley.jenkins@emailers.com.us,(292) 294-0875,Ontario
109,Rowan Perry,rowan.perry@mymail.com.us,(438) 816-4698,Pomona
110,Sage Murphy,sage.murphy@netmail.com.us,(354) 547-4524,Corona
111,Axel Bailey,axel.bailey@email.net.us,(598) 308-9451,Pasadena
112,Indigo Henderson,indigo.henderson@mail.net.us,(822) 669-3506,Glendale
113,Wren Kelly,wren.kelly@sample.net.us,(642) 401-0678,Long Beach
114,Forrest Brooks,forrest.brooks@workmail.net.us,(633) 642-7323,Huntington Beach
115,Summer Sanders,summer.sanders@personal.net.us,(950) 962-4479,Santa Ana
116,Winter Hayes,winter.hayes@online.net.us,(955) 449-3900,Anaheim
117,Autumn Bennett,autumn.bennett@digital.net.us,(456) 154-1912,Irvine
118,Blaze Wood,blaze.wood@emailers.net.us,(229) 757-4130,San Bernardino
119,Skylar Barnes,skylar.barnes@mymail.net.us,(643) 173-2789,Riverside
120,River Price,river.price@netmail.net.us,(866) 971-1453,San Diego
121,Juniper Rivera,juniper.rivera@email.com.us,(371) 019-9209,Chula Vista
122,Harley Coleman,harley.coleman@mail.com.us,(752) 417-5478,Oceanside
123,Rowan Jenkins,rowan.jenkins@sample.com.us,(450) 997-3534,Escondido
124,Sage Perry,sage.perry@workmail.com.us,(604) 924-3849,Fontana
125,Axel Murphy,axel.murphy@personal.com.us,(391) 837-4504,Moreno Valley
126,Indigo Bailey,indigo.bailey@online.com.us,(469) 071-6586,Ontario
127,Wren Henderson,wren.henderson@digital.com.us,(926) 048-3804,Pomona
128,Forrest Kelly,forrest.kelly@emailers.com.us,(484) 687-8662,Corona
129,Summer Brooks,summer.brooks@mymail.com.us,(301) 693-5989,Pasadena
130,Winter Sanders,winter.sanders@netmail.com.us,(921) 254-5303,Glendale
131,Autumn Hayes,autumn.hayes@email.net.us,(505) 294-5248,Long Beach
132,Blaze Bennett,blaze.bennett@mail.net.us,(412) 622-0829,Huntington Beach
133,Skylar Wood,skylar.wood@sample.net.us,(488) 368-8224,Santa Ana
134,River Barnes,river.barnes@workmail.net.us,(631) 105-3846,Anaheim
135,Juniper Price,juniper.price@personal.net.us,(320) 407-9768,Irvine
136,Harley Rivera,harley.rivera@online.net.us,(610) 191-6001,San Bernardino
137,Rowan Coleman,rowan.coleman@digital.net.us,(402) 397-0479,Riverside
138,Sage Jenkins,sage.jenkins@emailers.net.us,(891) 692-6587,San Diego
139,Axel Perry,axel.perry@mymail.net.us,(551) 291-6432,Chula Vista
140,Indigo Murphy,indigo.murphy@netmail.net.us,(386) 197-2259,Oceanside
141,Wren Bailey,wren.bailey@email.com.us,(837) 229-3102,Escondido
142,Forrest Henderson,forrest.henderson@mail.com.us,(303) 444-7504,Fontana
143,Summer Kelly,summer.kelly@sample.com.us,(792) 734-8233,Moreno Valley
144,Winter Brooks,winter.brooks@workmail.com.us,(760) 395-4910,Ontario
145,Autumn Sanders,autumn.sanders@personal.com.us,(668) 351-8248,Pomona
146,Blaze Hayes,blaze.hayes@online.com.us,(338) 581-2261,Corona
147,Skylar Bennett,skylar.bennett@digital.com.us,(761) 563-1714,Pasadena
148,River Wood,river.wood@emailers.com.us,(638) 609-6888,Glendale
149,Juniper Barnes,juniper.barnes@mymail.com.us,(887) 935-5701,Long Beach
150,Harley Price,harley.price@netmail.com.us,(759) 837-4228,Huntington Beach
151,Rowan Rivera,rowan.rivera@email.net.us,(681) 085-7644,Santa Ana
152,Sage Coleman,sage.coleman@mail.net.us,(880) 624-7794,Anaheim
153,Axel Jenkins,axel.jenkins@sample.net.us,(329) 622-6945,Irvine
154,Indigo Perry,indigo.perry@workmail.net.us,(546) 049-7124,San Bernardino
155,Wren Murphy,wren.murphy@personal.net.us,(888) 102-0957,Riverside
156,Forrest Bailey,forrest.bailey@online.net.us,(416) 475-0062,San Diego
157,Summer Henderson,summer.henderson@digital.net.us,(947) 594-6849,Chula Vista
158,Winter Kelly,winter.kelly@emailers.net.us,(698) 972-7713,Oceanside
159,Autumn Brooks,autumn.brooks@mymail.net.us,(318) 420-7807,Escondido
160,Blaze Sanders,blaze.sanders@netmail.net.us,(213) 885-3890,Fontana
161,Skylar Hayes,skylar.hayes@email.com.us,(729) 284-2499,Moreno Valley
162,River Bennett,river.bennett@mail.com.us,(418) 048-0549,Ontario
163,Juniper Wood,juniper.wood@sample.com.us,(444) 507-1810,Pomona
164,Harley Barnes,harley.barnes@workmail.com.us,(866) 476-0144,Corona
165,Rowan Price,rowan.price@personal.com.us,(782) 689-5096,Pasadena
166,Sage Rivera,sage.rivera@online.com.us,(602) 377-5571,Glendale
167,Axel Coleman,axel.coleman@digital.com.us,(262) 436-1328,Long Beach
168,Indigo Jenkins,indigo.jenkins@emailers.com.us,(402) 155-4980,Huntington Beach
169,Wren Perry,wren.perry@mymail.com.us,(292) 374-5980,Santa Ana
170,Forrest Murphy,forrest.murphy@netmail.com.us,(739) 384-9826,Anaheim
171,Summer Bailey,summer.bailey@email.net.us,(722) 804-2791,Irvine
172,Winter Henderson,winter.henderson@mail.net.us,(575) 941-4631,San Bernardino
173,Autumn Kelly,autumn.kelly@sample.net.us,(519) 402-3632,Riverside
174,Blaze Brooks,blaze.brooks@workmail.net.us,(662) 455-1693,San Diego
175,Skylar Sanders,skylar.sanders@personal.net.us,(371) 438-3517,Chula Vista
176,River Hayes,river.hayes@online.net.us,(215) 442-5697,Oceanside
177,Juniper Bennett,juniper.bennett@digital.net.us,(871) 009-5098,Escondido
178,Harley Wood,harley.wood@emailers.net.us,(956) 232-9868,Fontana
179,Rowan Barnes,rowan.barnes@mymail.net.us,(900) 220-4297,Moreno Valley
180,Sage Price,sage.price@netmail.net.us,(453) 860-4368,Ontario
181,Axel Rivera,axel.rivera@email.com.us,(908) 285-9208,Pomona
182,Indigo Coleman,indigo.coleman@mail.com.us,(374) 337-4350,Corona
183,Wren Jenkins,wren.jenkins@sample.com.us,(283) 508-8437,Pasadena
184,Forrest Perry,forrest.perry@workmail.com.us,(935) 819-0497,Glendale
185,Summer Murphy,summer.murphy@personal.com.us,(397) 473-0731,Long Beach
186,Winter Bailey,winter.bailey@online.com.us,(262) 443-0074,Huntington Beach
187,Autumn Henderson,autumn.henderson@digital.com.us,(655) 222-7888,Santa Ana
188,Blaze Kelly,blaze.kelly@emailers.com.us,(522) 139-9488,Anaheim
189,Skylar Brooks,skylar.brooks@mymail.com.us,(914) 686-5246,Irvine
190,River Sanders,river.sanders@netmail.com.us,(798) 298-7688,San Bernardino
191,Juniper Hayes,juniper.hayes@email.net.us,(759) 340-6245,Riverside
192,Harley Bennett,harley.bennett@mail.net.us,(780) 557-1718,San Diego
193,Rowan Wood,rowan.wood@sample.net.us,(537) 398-2960,Chula Vista
194,Sage Barnes,sage.barnes@workmail.net.us,(580) 094-7569,Oceanside
195,Axel Price,axel.price@personal.net.us,(573) 961-1729,Escondido
196,Indigo Rivera,indigo.rivera@online.net.us,(243) 699-1676,Fontana
197,Wren Coleman,wren.coleman@digital.net.us,(457) 246-7893,Moreno Valley
198,Forrest Jenkins,forrest.jenkins@emailers.net.us,(546) 854-9665,Ontario
199,Summer Perry,summer.perry@mymail.net.us,(391) 898-9935,Pomona
200,Winter Murphy,winter.murphy@netmail.net.us,(790) 737-3079,Corona
201,Autumn Bailey,autumn.bailey@email.com.us,(963) 245-8662,Pasadena
202,Blaze Henderson,blaze.henderson@mail.com.us,(637) 853-3421,Glendale
203,Skylar Kelly,skylar.kelly@sample.com.us,(970) 657-5871,Long Beach
204,River Brooks,river.brooks@workmail.com.us,(732) 035-3565,Huntington Beach
205,Juniper Sanders,juniper.sanders@personal.com.us,(456) 940-4767,Santa Ana
206,Harley Hayes,harley.hayes@online.com.us,(847) 587-6083,Anaheim
207,Rowan Bennett,rowan.bennett@digital.com.us,(881) 868-8060,Irvine
208,Sage Wood,sage.wood@emailers.com.us,(953) 983-0758,San Bernardino
209,Axel Barnes,axel.barnes@mymail.com.us,(588) 570-5676,Riverside
210,Indigo Price,indigo.price@netmail.com.us,(868) 245-5672,San Diego
211,Wren Rivera,wren.rivera@email.net.us,(822) 778-0353,Chula Vista
212,Forrest Coleman,forrest.coleman@mail.net.us,(430) 612-5948,Oceanside
213,Summer Jenkins,summer.jenkins@sample.net.us,(849) 399-1756,Escondido
214,Winter Perry,winter.perry@workmail.net.us,(743) 235-9375,Fontana
215,Autumn Murphy,autumn.murphy@personal.net.us,(472) 491-7514,Moreno Valley
216,Blaze Bailey,blaze.bailey@online.net.us,(529) 076-3405,Ontario
217,Skylar Henderson,skylar.henderson@digital.net.us,(472) 167-1899,Pomona
218,River Kelly,river.kelly@emailers.net.us,(213) 253-1115,Corona
219,Juniper Brooks,juniper.brooks@mymail.net.us,(395) 495-9331,Pasadena
220,Harley Sanders,harley.sanders@netmail.net.us,(795) 923-1757,Glendale
221,Rowan Hayes,rowan.hayes@email.com.us,(422) 459-9553,Long Beach
222,Sage Bennett,sage.bennett@mail.com.us,(487) 858-8508,Huntington Beach
223,Axel Wood,axel.wood@sample.com.us,(637) 777-0213,Santa Ana
224,Indigo Barnes,indigo.barnes@workmail.com.us,(880) 321-7964,Anaheim
225,Wren Price,wren.price@personal.com.us,(546) 912-3090,Irvine
226,Forrest Rivera,forrest.rivera@online.com.us,(892) 307-9879,San Bernardino
227,Summer Coleman,summer.coleman@digital.com.us,(330) 833-5432,Riverside
228,Winter Jenkins,winter.jenkins@emailers.com.us,(826) 312-3844,San Diego
229,Autumn Perry,autumn.perry@mymail.com.us,(888) 993-6846,Chula Vista
230,Blaze Murphy,blaze.murphy@netmail.com.us,(935) 667-7862,Oceanside
231,Skylar Bailey,skylar.bailey@email.net.us,(560) 936-2213,Escondido
232,River Henderson,river.henderson@mail.net.us,(585) 076-4000,Fontana
233,Juniper Kelly,juniper.kelly@sample.net.us,(877) 653-8953,Moreno Valley
234,Harley Brooks,harley.brooks@workmail.net.us,(262) 154-2349,Ontario
235,Rowan Sanders,rowan.sanders@personal.net.us,(237) 419-6704,Pomona
236,Sage Hayes,sage.hayes@online.net.us,(279) 192-3760,Corona
237,Axel Bennett,axel.bennett@digital.net.us,(297) 053-0334,Pasadena
238,Indigo Wood,indigo.wood@emailers.net.us,(723) 380-6464,Glendale
239,Wren Barnes,wren.barnes@mymail.net.us,(806) 185-9590,Long Beach
240,Forrest Price,forrest.price@netmail.net.us,(768) 770-9024,Huntington Beach
241,Summer Rivera,summer.rivera@email.com.us,(856) 172-6298,Santa Ana
242,Winter Coleman,winter.coleman@mail.com.us,(672) 219-8642,Anaheim
243,Autumn Jenkins,autumn.jenkins@sample.com.us,(937) 936-5065,Irvine
244,Blaze Perry,blaze.perry@workmail.com.us,(955) 569-9409,San Bernardino
245,Skylar Murphy,skylar.murphy@personal.com.us,(578) 453-3668,Riverside
246,River Bailey,river.bailey@online.com.us,(941) 853-2538,San Diego
247,Juniper Henderson,juniper.henderson@digital.com.us,(664) 826-6959,Chula Vista
248,Harley Kelly,harley.kelly@emailers.com.us,(256) 430-8485,Oceanside
249,Rowan Brooks,rowan.brooks@mymail.com.us,(538) 412-7186,Escondido
250,Sage Sanders,sage.sanders@netmail.com.us,(802) 978-8882,Fontana
251,Axel Hayes,axel.hayes@email.net.us,(537) 316-8792,Moreno Valley
252,Indigo Bennett,indigo.bennett@mail.net.us,(925) 640-7904,Ontario
253,Wren Wood,wren.wood@sample.net.us,(283) 727-0539,Pomona
254,Forrest Barnes,forrest.barnes@workmail.net.us,(708) 032-2047,Corona
255,Summer Price,summer.price@personal.net.us,(640) 547-4895,Pasadena
256,Winter Rivera,winter.rivera@online.net.us,(431) 014-6264,Glendale
257,Autumn Coleman,autumn.coleman@digital.net.us,(555) 209-3749,Long Beach
258,Blaze Jenkins,blaze.jenkins@emailers.net.us,(901) 194-2128,Huntington Beach
259,Skylar Perry,skylar.perry@mymail.net.us,(278) 702-6793,Santa Ana
260,River Murphy,river.murphy@netmail.net.us,(558) 601-3760,Anaheim
261,Juniper Bailey,juniper.bailey@email.com.us,(634) 000-3274,Irvine
262,Harley Henderson,harley.henderson@mail.com.us,(537) 231-6945,San Bernardino
263,Rowan Kelly,rowan.kelly@sample.com.us,(571) 306-7827,Riverside
264,Sage Brooks,sage.brooks@workmail.com.us,(749) 210-3063,San Diego
265,Axel Sanders,axel.sanders@personal.com.us,(842) 123-8954,Chula Vista
266,Indigo Hayes,indigo.hayes@online.com.us,(368) 879-9192,Oceanside
267,Wren Bennett,wren.bennett@digital.com.us,(606) 204-8814,Escondido
268,Forrest Wood,forrest.wood@emailers.com.us,(876) 134-0652,Fontana
269,Summer Barnes,summer.barnes@mymail.com.us,(548) 418-3818,Moreno Valley
270,Winter Price,winter.price@netmail.com.us,(591) 623-9665,Ontario
271,Autumn Rivera,autumn.rivera@email.net.us,(308) 179-7564,Pomona
272,Blaze Coleman,blaze.coleman@mail.net.us,(631) 830-9719,Corona
273,Skylar Jenkins,skylar.jenkins@sample.net.us,(276) 420-3945,Pasadena
274,River Perry,river.perry@workmail.net.us,(339) 235-7153,Glendale
275,Juniper Murphy,juniper.murphy@personal.net.us,(833) 458-3869,Long Beach
276,Harley Bailey,harley.bailey@online.net.us,(915) 421-2184,Huntington Beach
277,Rowan Henderson,rowan.henderson@digital.net.us,(651) 929-6638,Santa Ana
278,Sage Kelly,sage.kelly@emailers.net.us,(742) 120-3965,Anaheim
279,Axel Brooks,axel.brooks@mymail.net.us,(458) 766-7022,Irvine
280,Indigo Sanders,indigo.sanders@netmail.net.us,(421) 681-4639,San Bernardino
281,Wren Hayes,wren.hayes@email.com.us,(462) 826-7834,Riverside
282,Forrest Bennett,forrest.bennett@mail.com.us,(718) 036-3825,San Diego
283,Summer Wood,summer.wood@sample.com.us,(617) 653-1996,Chula Vista
284,Winter Barnes,winter.barnes@workmail.com.us,(947) 536-8119,Oceanside
285,Autumn Price,autumn.price@personal.com.us,(742) 196-4410,Escondido
286,Blaze Rivera,blaze.rivera@online.com.us,(849) 472-4476,Fontana
287,Skylar Coleman,skylar.coleman@digital.com.us,(252) 019-5757,Moreno Valley
288,River Jenkins,river.jenkins@emailers.com.us,(346) 336-7530,Ontario
289,Juniper Perry,juniper.perry@mymail.com.us,(880) 763-4384,Pomona
290,Harley Murphy,harley.murphy@netmail.com.us,(722) 128-2113,Corona
291,Rowan Bailey,rowan.bailey@email.net.us,(801) 468-3871,Pasadena
292,Sage Henderson,sage.henderson@mail.net.us,(612) 269-2062,Glendale
293,Axel Kelly,axel.kelly@sample.net.us,(507) 553-2074,Long Beach
294,Indigo Brooks,indigo.brooks@workmail.net.us,(294) 658-7632,Huntington Beach
295,Wren Sanders,wren.sanders@personal.net.us,(290) 504-4264,Santa Ana
296,Forrest Hayes,forrest.hayes@online.net.us,(685) 474-6270,San Diego
297,Axel Coleman,axel.coleman@digital.net.us,(618) 914-5917,Moreno Valley
298,Indigo Jenkins,indigo.jenkins@emailers.net.us,(787) 052-8025,Ontario
299,Wren Perry,wren.perry@mymail.net.us,(278) 064-9354,Pomona
300,Forrest Murphy,forrest.murphy@netmail.net.us,(748) 487-5435,Corona
301,Summer Bailey,summer.bailey@email.com.us,(661) 636-6175,Pasadena
302,Winter Henderson,winter.henderson@mail.com.us,(319) 501-9248,Glendale
303,Autumn Kelly,autumn.kelly@sample.com.us,(796) 476-9971,Long Beach
304,Blaze Brooks,blaze.brooks@workmail.com.us,(801) 778-8489,Huntington Beach
305,Skylar Sanders,skylar.sanders@personal.com.us,(399) 916-1840,Santa Ana
306,River Hayes,river.hayes@online.com.us,(945) 070-0872,Anaheim
307,Juniper Bennett,juniper.bennett@digital.com.us,(274) 243-5444,Irvine
308,Harley Wood,harley.wood@emailers.com.us,(789) 229-4787,San Bernardino
309,Rowan Barnes,rowan.barnes@mymail.com.us,(255) 846-9519,Riverside
310,Sage Price,sage.price@netmail.com.us,(361) 126-1979,San Diego
311,Axel Rivera,axel.rivera@email.net.us,(668) 780-7888,Chula Vista
312,Indigo Coleman,indigo.coleman@mail.net.us,(518) 202-5171,Oceanside
313,Wren Jenkins,wren.jenkins@sample.net.us,(945) 269-2627,Escondido
314,Forrest Perry,forrest.perry@workmail.net.us,(428) 827-0167,Fontana
315,Summer Murphy,summer.murphy@personal.net.us,(870) 856-6549,Moreno Valley
316,Winter Bailey,winter.bailey@online.net.us,(452) 783-5604,Ontario
317,Autumn Henderson,autumn.henderson@digital.net.us,(277) 794-7051,Pomona
318,Blaze Kelly,blaze.kelly@emailers.net.us,(418) 770-1511,Corona
319,Skylar Brooks,skylar.brooks@mymail.net.us,(640) 326-4410,Pasadena
320,River Sanders,river.sanders@netmail.net.us,(610) 616-1770,Glendale
321,Juniper Hayes,juniper.hayes@email.com.us,(961) 798-7578,Long Beach
322,Harley Bennett,harley.bennett@mail.com.us,(536) 761-7448,Huntington Beach
323,Rowan Wood,rowan.wood@sample.com.us,(772) 970-3669,Santa Ana
324,Sage Barnes,sage.barnes@workmail.com.us,(766) 545-3827,Anaheim
325,Axel Price,axel.price@personal.com.us,(936) 220-7639,Irvine
326,Indigo Rivera,indigo.rivera@online.com.us,(235) 502-4822,San Bernardino
327,Wren Coleman,wren.coleman@digital.com.us,(588) 755-5615,Riverside
328,Forrest Jenkins,forrest.jenkins@emailers.com.us,(833) 398-3989,San Diego
329,Summer Perry,summer.perry@mymail.com.us,(227) 915-4033,Chula Vista
330,Winter Murphy,winter.murphy@netmail.com.us,(900) 869-2924,Oceanside
331,Autumn Bailey,autumn.bailey@email.net.us,(821) 292-7474,Escondido
332,Blaze Henderson,blaze.henderson@mail.net.us,(691) 960-8190,Fontana
333,Skylar Kelly,skylar.kelly@sample.net.us,(526) 458-7640,Moreno Valley
334,River Brooks,river.brooks@workmail.net.us,(247) 570-3608,Ontario
335,Juniper Sanders,juniper.sanders@personal.net.us,(502) 490-2210,Pomona
336,Harley Hayes,harley.hayes@online.net.us,(937) 288-3711,Corona
337,Rowan Bennett,rowan.bennett@digital.net.us,(589) 486-0605,Pasadena
338,Sage Wood,sage.wood@emailers.net.us,(747) 709-5491,Glendale
339,Axel Barnes,axel.barnes@mymail.net.us,(333) 427-2953,Long Beach
340,Indigo Price,indigo.price@netmail.net.us,(347) 104-2592,Huntington Beach
341,Wren Rivera,wren.rivera@email.com.us,(218) 670-4681,Santa Ana
342,Forrest Coleman,forrest.coleman@mail.com.us,(345) 690-3925,Anaheim
343,Summer Jenkins,summer.jenkins@sample.com.us,(571) 000-8039,Irvine
344,Winter Perry,winter.perry@workmail.com.us,(465) 418-2633,San Bernardino
345,Autumn Murphy,autumn.murphy@personal.com.us,(859) 903-4686,Riverside
346,Blaze Bailey,blaze.bailey@online.com.us,(922) 529-3535,San Diego
347,Skylar Henderson,skylar.henderson@digital.com.us,(436) 295-0329,Chula Vista
348,River Kelly,river.kelly@emailers.com.us,(585) 220-8022,Oceanside
349,Juniper Brooks,juniper.brooks@mymail.com.us,(742) 080-3961,Escondido
350,Harley Sanders,harley.sanders@netmail.com.us,(546) 784-2629,Fontana
351,Rowan Hayes,rowan.hayes@email.net.us,(505) 220-8276,Moreno Valley
352,Sage Bennett,sage.bennett@mail.net.us,(858) 815-2980,Ontario
353,Axel Wood,axel.wood@sample.net.us,(839) 012-5183,Pomona
354,Indigo Barnes,indigo.barnes@workmail.net.us,(674) 661-5667,Corona
355,Wren Price,wren.price@personal.net.us,(661) 031-1015,Pasadena
356,Forrest Rivera,forrest.rivera@online.net.us,(845) 470-5571,Glendale
357,Summer Coleman,summer.coleman@digital.net.us,(245) 083-3307,Long Beach
358,Winter Jenkins,winter.jenkins@emailers.net.us,(930) 523-2793,Huntington Beach
359,Autumn Perry,autumn.perry@mymail.net.us,(734) 139-4650,Santa Ana
360,Blaze Murphy,blaze.murphy@netmail.net.us,(667) 001-4682,Anaheim
361,Skylar Bailey,skylar.bailey@email.com.us,(469) 621-6193,Irvine
362,River Henderson,river.henderson@mail.com.us,(755) 959-7908,San Bernardino
363,Juniper Kelly,juniper.kelly@sample.com.us,(485) 359-1930,Riverside
364,Harley Brooks,harley.brooks@workmail.com.us,(631) 614-9487,San Diego
365,Rowan Sanders,rowan.sanders@personal.com.us,(827) 714-6278,Chula Vista
366,Sage Hayes,sage.hayes@online.com.us,(436) 569-1297,Oceanside
367,Axel Bennett,axel.bennett@digital.com.us,(662) 149-6714,Escondido
368,Indigo Wood,indigo.wood@emailers.com.us,(310) 410-1838,Fontana
369,Wren Barnes,wren.barnes@mymail.com.us,(575) 572-1803,Moreno Valley
370,Forrest Price,forrest.price@netmail.com.us,(289) 572-3917,Ontario
371,Summer Rivera,summer.rivera@email.net.us,(882) 471-0662,Pomona
372,Winter Coleman,winter.coleman@mail.net.us,(271) 423-6839,Corona
373,Autumn Jenkins,autumn.jenkins@sample.net.us,(887) 036-2387,Pasadena
374,Blaze Perry,blaze.perry@workmail.net.us,(444) 603-0033,Glendale
375,Skylar Murphy,skylar.murphy@personal.net.us,(449) 502-9584,Long Beach
376,River Bailey,river.bailey@online.net.us,(251) 445-7732,Huntington Beach
377,Juniper Henderson,juniper.henderson@digital.net.us,(611) 676-6682,Santa Ana
378,Harley Kelly,harley.kelly@emailers.net.us,(904) 361-9117,Anaheim
379,Rowan Brooks,rowan.brooks@mymail.net.us,(681) 294-2135,Irvine
380,Sage Sanders,sage.sanders@netmail.net.us,(941) 553-3375,San Bernardino
381,Axel Hayes,axel.hayes@email.com.us,(680) 179-5585,Riverside
382,Indigo Bennett,indigo.bennett@mail.com.us,(790) 823-0224,San Diego
383,Wren Wood,wren.wood@sample.com.us,(515) 318-4750,Chula Vista
384,Forrest Barnes,forrest.barnes@workmail.com.us,(576) 977-0844,Oceanside
385,Summer Price,summer.price@personal.com.us,(886) 874-5493,Escondido
386,Winter Rivera,winter.rivera@online.com.us,(889) 322-6790,Fontana
387,Autumn Coleman,autumn.coleman@digital.com.us,(832) 279-3914,Moreno Valley
388,Blaze Jenkins,blaze.jenkins@emailers.com.us,(500) 516-0479,Ontario
389,Skylar Perry,skylar.perry@mymail.com.us,(535) 195-7357,Pomona
390,River Murphy,river.murphy@netmail.com.us,(697) 941-0011,Corona
391,Juniper Bailey,juniper.bailey@email.net.us,(687) 705-2565,Pasadena
392,Harley Henderson,harley.henderson@mail.net.us,(820) 015-4113,Glendale
393,Rowan Kelly,rowan.kelly@sample.net.us,(929) 932-7962,Long Beach
394,Sage Brooks,sage.brooks@workmail.net.us,(270) 250-7688,Oceanside
395,Axel Kelly,axel.kelly@sample.net.us,(332) 787-5523,Escondido
396,Indigo Brooks,indigo.brooks@workmail.net.us,(655) 605-5932,Fontana
397,Wren Sanders,wren.sanders@personal.net.us,(425) 522-2786,Moreno Valley
398,Forrest Hayes,forrest.hayes@online.net.us,(510) 269-0909,Ontario
399,Summer Bennett,summer.bennett@digital.net.us,(740) 720-8606,Pomona
400,Winter Wood,winter.wood@emailers.net.us,(605) 899-7762,Corona
401,Autumn Barnes,autumn.barnes@mymail.net.us,(844) 904-0891,Pasadena
402,Blaze Price,blaze.price@netmail.net.us,(863) 633-5137,Glendale
403,Skylar Rivera,skylar.rivera@email.com.us,(496) 766-5673,Long Beach
404,River Coleman,river.coleman@mail.com.us,(470) 874-7404,Huntington Beach
405,Juniper Jenkins,juniper.jenkins@sample.com.us,(645) 895-3931,Santa Ana
406,Harley Perry,harley.perry@workmail.com.us,(879) 494-6900,Anaheim
407,Rowan Murphy,rowan.murphy@personal.com.us,(795) 154-6533,Irvine
408,Sage Bailey,sage.bailey@online.com.us,(466) 230-9513,San Bernardino
409,Axel Henderson,axel.henderson@digital.com.us,(399) 905-7709,Riverside
410,Indigo Kelly,indigo.kelly@emailers.com.us,(514) 367-3226,San Diego
411,Wren Brooks,wren.brooks@mymail.com.us,(508) 889-1928,Chula Vista
412,Forrest Sanders,forrest.sanders@netmail.com.us,(676) 560-6805,Oceanside
413,Summer Hayes,summer.hayes@email.net.us,(521) 418-6065,Escondido
414,Winter Bennett,winter.bennett@mail.net.us,(968) 285-8434,Fontana
415,Autumn Wood,autumn.wood@sample.net.us,(303) 270-8884,Moreno Valley
416,Blaze Barnes,blaze.barnes@workmail.net.us,(308) 190-7274,Ontario
417,Skylar Price,skylar.price@personal.net.us,(966) 200-6585,Pomona
418,River Rivera,river.rivera@online.net.us,(331) 933-7843,Corona
419,Juniper Coleman,juniper.coleman@digital.net.us,(598) 028-6285,Pasadena
420,Harley Jenkins,harley.jenkins@emailers.net.us,(527) 166-8955,Glendale
421,Rowan Perry,rowan.perry@mymail.net.us,(532) 397-6862,Long Beach
422,Sage Murphy,sage.murphy@netmail.net.us,(529) 241-7042,Huntington Beach
423,Axel Bailey,axel.bailey@email.com.us,(817) 626-8337,Santa Ana
424,Indigo Henderson,indigo.henderson@mail.com.us,(239) 832-1647,Anaheim
425,Wren Kelly,wren.kelly@sample.com.us,(568) 978-4590,Irvine
426,Forrest Brooks,forrest.brooks@workmail.com.us,(494) 650-1421,San Bernardino
427,Summer Sanders,summer.sanders@personal.com.us,(898) 031-0426,Riverside
428,Winter Hayes,winter.hayes@online.com.us,(923) 155-0575,San Diego
429,Autumn Bennett,autumn.bennett@digital.com.us,(640) 271-6260,Chula Vista
430,Blaze Wood,blaze.wood@emailers.com.us,(284) 449-8953,Oceanside
431,Skylar Barnes,skylar.barnes@mymail.com.us,(249) 833-7174,Escondido
432,River Price,river.price@netmail.com.us,(861) 336-3576,Fontana
433,Juniper Rivera,juniper.rivera@email.net.us,(315) 051-8493,Moreno Valley
434,Harley Coleman,harley.coleman@mail.net.us,(907) 841-2473,Ontario
435,Rowan Jenkins,rowan.jenkins@sample.net.us,(877) 968-7024,Pomona
436,Sage Perry,sage.perry@workmail.net.us,(628) 623-3367,Corona
437,Axel Murphy,axel.murphy@personal.net.us,(555) 029-0864,Pasadena
438,Indigo Bailey,indigo.bailey@online.net.us,(759) 654-5448,Glendale
439,Wren Henderson,wren.henderson@digital.net.us,(425) 210-0214,Long Beach
440,Forrest Kelly,forrest.kelly@emailers.net.us,(954) 052-3311,Huntington Beach
441,Summer Brooks,summer.brooks@mymail.net.us,(517) 771-5694,Santa Ana
442,Winter Sanders,winter.sanders@netmail.net.us,(712) 039-5719,Anaheim
443,Autumn Hayes,autumn.hayes@email.com.us,(512) 567-4297,Irvine
444,Blaze Bennett,blaze.bennett@mail.com.us,(632) 725-3630,San Bernardino
445,Skylar Wood,skylar.wood@sample.com.us,(375) 559-4015,Riverside
446,River Barnes,river.barnes@workmail.com.us,(456) 164-8239,San Diego
447,Juniper Price,juniper.price@personal.com.us,(955) 124-7356,Chula Vista
448,Harley Rivera,harley.rivera@online.com.us,(947) 273-6351,Oceanside
449,Rowan Coleman,rowan.coleman@digital.com.us,(721) 013-5049,Escondido
450,Sage Jenkins,sage.jenkins@emailers.com.us,(739) 195-6019,Fontana
451,Axel Perry,axel.perry@mymail.com.us,(653) 604-4506,Moreno Valley
452,Indigo Murphy,indigo.murphy@netmail.com.us,(751) 932-1651,Ontario
453,Wren Bailey,wren.bailey@email.net.us,(695) 340-0304,Pomona
454,Forrest Henderson,forrest.henderson@mail.net.us,(891) 435-5158,Corona
455,Summer Kelly,summer.kelly@sample.net.us,(685) 440-3348,Pasadena
456,Winter Brooks,winter.brooks@workmail.net.us,(873) 607-0566,Glendale
457,Autumn Sanders,autumn.sanders@personal.net.us,(421) 440-2664,Long Beach
458,Blaze Hayes,blaze.hayes@online.net.us,(259) 488-9943,Huntington Beach
459,Skylar Bennett,skylar.bennett@digital.net.us,(806) 846-8539,Santa Ana
460,River Wood,river.wood@emailers.net.us,(603) 654-5375,Anaheim
461,Juniper Barnes,juniper.barnes@mymail.net.us,(672) 347-0384,Irvine
462,Harley Price,harley.price@netmail.net.us,(354) 848-1911,San Bernardino
463,Rowan Rivera,rowan.rivera@email.com.us,(924) 053-2775,Riverside
464,Sage Coleman,sage.coleman@mail.com.us,(691) 999-3571,San Diego
465,Axel Jenkins,axel.jenkins@sample.com.us,(560) 041-9643,Chula Vista
466,Indigo Perry,indigo.perry@workmail.com.us,(912) 554-5663,Oceanside
467,Wren Murphy,wren.murphy@personal.com.us,(831) 402-7773,Escondido
468,Forrest Bailey,forrest.bailey@online.com.us,(708) 610-5369,Fontana
469,Summer Henderson,summer.henderson@digital.com.us,(326) 091-8327,Moreno Valley
470,Winter Kelly,winter.kelly@emailers.com.us,(475) 419-9169,Ontario
471,Autumn Brooks,autumn.brooks@mymail.com.us,(434) 249-9267,Pomona
472,Blaze Sanders,blaze.sanders@netmail.com.us,(650) 256-0389,Corona
473,Skylar Hayes,skylar.hayes@email.net.us,(231) 337-2712,Pasadena
474,River Bennett,river.bennett@mail.net.us,(576) 492-9521,Glendale
475,Juniper Wood,juniper.wood@sample.net.us,(255) 826-0027,Long Beach
476,Harley Barnes,harley.barnes@workmail.net.us,(485) 398-5535,Huntington Beach
477,Rowan Price,rowan.price@personal.net.us,(412) 778-8766,Santa Ana
478,Sage Rivera,sage.rivera@online.net.us,(254) 583-7624,Anaheim
479,Axel Coleman,axel.coleman@digital.net.us,(887) 801-7132,Irvine
480,Indigo Jenkins,indigo.jenkins@emailers.net.us,(784) 615-9349,San Bernardino
481,Wren Perry,wren.perry@mymail.net.us,(369) 030-3716,Riverside
482,Forrest Murphy,forrest.murphy@netmail.net.us,(454) 282-2017,San Diego
483,Summer Bailey,summer.bailey@email.com.us,(447) 436-6012,Chula Vista
484,Winter Henderson,winter.henderson@mail.com.us,(379) 762-2707,Oceanside
485,Autumn Kelly,autumn.kelly@sample.com.us,(352) 611-6220,Escondido
486,Blaze Brooks,blaze.brooks@workmail.com.us,(687) 038-1286,Fontana
487,Skylar Sanders,skylar.sanders@personal.com.us,(645) 483-3746,Moreno Valley
488,River Hayes,river.hayes@online.com.us,(638) 229-4990,Ontario
489,Juniper Bennett,juniper.bennett@digital.com.us,(444) 247-1609,Pomona
490,Harley Wood,harley.wood@emailers.com.us,(640) 081-2828,Corona
491,Rowan Barnes,rowan.barnes@mymail.com.us,(760) 202-1460,Pasadena
492,Sage Price,sage.price@netmail.com.us,(785) 354-2515,Escondido
493,Axel Rivera,axel.rivera@email.net.us,(694) 920-1067,Long Beach
494,Indigo Coleman,indigo.coleman@mail.net.us,(561) 678-8793,Huntington Beach
495,Wren Jenkins,wren.jenkins@sample.net.us,(428) 771-7710,Santa Ana
496,Forrest Perry,forrest.perry@workmail.net.us,(707) 133-0551,Anaheim
497,Summer Murphy,summer.murphy@personal.net.us,(286) 363-6376,Irvine
498,Winter Bailey,winter.bailey@online.net.us,(488) 101-8695,San Bernardino
499,Autumn Henderson,autumn.henderson@digital.net.us,(724) 591-7224,Riverside
500,Blaze Kelly,blaze.kelly@emailers.net.us,(928) 079-5640,San Diego
501,Skylar Brooks,skylar.brooks@mymail.com.us,(474) 360-7569,Chula Vista
502,River Sanders,river.sanders@netmail.com.us,(704) 657-7691,Oceanside
503,Juniper Hayes,juniper.hayes@email.net.us,(955) 928-4754,Escondido
504,Harley Bennett,harley.bennett@mail.net.us,(573) 280-2815,Fontana
505,Rowan Wood,rowan.wood@sample.net.us,(350) 730-2598,Moreno Valley
506,Sage Barnes,sage.barnes@workmail.net.us,(775) 198-2427,Ontario
507,Axel Price,axel.price@personal.net.us,(256) 976-1965,Pomona
508,Indigo Rivera,indigo.rivera@online.net.us,(714) 679-0182,Corona
509,Wren Coleman,wren.coleman@digital.net.us,(489) 120-2573,Pasadena
510,Forrest Jenkins,forrest.jenkins@emailers.net.us,(970) 232-1286,Glendale
511,Summer Perry,summer.perry@mymail.net.us,(535) 009-7077,Long Beach
512,Winter Murphy,winter.murphy@netmail.net.us,(564) 740-6881,Huntington Beach
513,Autumn Bailey,autumn.bailey@email.com.us,(307) 994-8549,Santa Ana
514,Blaze Henderson,blaze.henderson@mail.com.us,(639) 218-4755,Anaheim
515,Skylar Kelly,skylar.kelly@sample.com.us,(870) 801-8829,Irvine
516,River Brooks,river.brooks@workmail.com.us,(647) 392-3041,San Bernardino
517,Juniper Sanders,juniper.sanders@personal.com.us,(893) 092-2715,Riverside
518,Harley Hayes,harley.hayes@online.com.us,(448) 763-0748,San Diego
519,Rowan Bennett,rowan.bennett@digital.com.us,(553) 974-8022,Chula Vista
520,Sage Wood,sage.wood@emailers.com.us,(660) 378-9848,Oceanside
521,Axel Barnes,axel.barnes@mymail.com.us,(439) 685-2814,Escondido
522,Indigo Price,indigo.price@netmail.com.us,(851) 819-7548,Fontana
523,Wren Rivera,wren.rivera@email.net.us,(655) 114-6548,Moreno Valley
524,Forrest Coleman,forrest.coleman@mail.net.us,(733) 217-9462,Ontario
525,Summer Jenkins,summer.jenkins@sample.net.us,(826) 621-3770,Pomona
526,Winter Perry,winter.perry@workmail.net.us,(762) 150-0281,Corona
527,Autumn Murphy,autumn.murphy@personal.net.us,(559) 002-1993,Pasadena
528,Blaze Bailey,blaze.bailey@online.net.us,(955) 893-6045,Glendale
529,Skylar Henderson,skylar.henderson@digital.net.us,(767) 543-5011,Long Beach
530,River Kelly,river.kelly@emailers.net.us,(409) 253-3045,Huntington Beach
531,Juniper Brooks,juniper.brooks@mymail.net.us,(253) 220-2012,Santa Ana
532,Harley Sanders,harley.sanders@netmail.net.us,(738) 448-1016,Anaheim
533,Rowan Hayes,rowan.hayes@email.net.us,(400) 221-3596,Irvine
534,Sage Bennett,sage.bennett@mail.net.us,(563) 728-4588,San Bernardino
535,Axel Wood,axel.wood@sample.net.us,(533) 214-5326,Riverside
536,Indigo Barnes,indigo.barnes@workmail.net.us,(471) 972-6505,San Diego
537,Wren Price,wren.price@personal.net.us,(516) 693-1093,Chula Vista
538,Forrest Rivera,forrest.rivera@online.net.us,(607) 331-0143,Oceanside
539,Summer Coleman,summer.coleman@digital.net.us,(725) 387-5685,Escondido
540,Winter Jenkins,winter.jenkins@emailers.net.us,(719) 819-0811,Fontana
541,Autumn Perry,autumn.perry@mymail.net.us,(286) 057-3274,Moreno Valley
542,Blaze Murphy,blaze.murphy@netmail.net.us,(671) 739-0268,Ontario
543,Skylar Bailey,skylar.bailey@email.net.us,(732) 104-0149,Pomona
544,River Henderson,river.henderson@mail.net.us,(907) 452-6960,Corona
545,Juniper Kelly,juniper.kelly@sample.net.us,(852) 861-6932,Pasadena
546,Harley Brooks,harley.brooks@workmail.net.us,(746) 194-1139,Glendale
547,Rowan Sanders,rowan.sanders@personal.net.us,(348) 562-1376,Long Beach
548,Sage Hayes,sage.hayes@online.net.us,(810) 439-1465,Huntington Beach
549,Axel Bennett,axel.bennett@digital.net.us,(362) 720-1837,Santa Ana
550,Indigo Wood,indigo.wood@emailers.net.us,(951) 487-2029,Anaheim
551,Wren Barnes,wren.barnes@mymail.net.us,(428) 873-5016,Irvine
552,Forrest Price,forrest.price@netmail.net.us,(452) 900-3588,San Bernardino
553,Summer Rivera,summer.rivera@email.com.us,(595) 412-0971,Riverside
554,Winter Coleman,winter.coleman@mail.com.us,(606) 815-4779,San Diego
555,Autumn Jenkins,autumn.jenkins@sample.com.us,(608) 550-1804,Chula Vista
556,Blaze Perry,blaze.perry@workmail.com.us,(480) 539-5136,Oceanside
557,Skylar Murphy,skylar.murphy@personal.com.us,(402) 029-8424,Escondido
558,River Bailey,river.bailey@online.com.us,(288) 749-9805,Fontana
559,Juniper Henderson,juniper.henderson@digital.com.us,(410) 817-7118,Moreno Valley
560,Harley Kelly,harley.kelly@emailers.com.us,(664) 239-3538,Ontario
561,Rowan Brooks,rowan.brooks@mymail.com.us,(397) 924-3119,Pomona
562,Sage Sanders,sage.sanders@netmail.com.us,(395) 422-1212,Corona
563,Axel Hayes,axel.hayes@email.net.us,(854) 751-2192,Pasadena
564,Indigo Bennett,indigo.bennett@mail.net.us,(303) 069-9759,Glendale
565,Wren Wood,wren.wood@sample.net.us,(475) 683-2582,Long Beach
566,Forrest Barnes,forrest.barnes@workmail.net.us,(257) 933-7576,Huntington Beach
567,Summer Price,summer.price@personal.net.us,(517) 119-7131,Santa Ana
568,Winter Rivera,winter.rivera@online.net.us,(361) 793-8812,Anaheim
569,Autumn Coleman,autumn.coleman@digital.net.us,(708) 242-5588,Irvine
570,Blaze Jenkins,blaze.jenkins@emailers.net.us,(901) 665-2337,San Bernardino
571,Skylar Perry,skylar.perry@mymail.net.us,(767) 226-2046,Riverside
572,River Murphy,river.murphy@netmail.net.us,(352) 523-2118,San Diego
573,Juniper Bailey,juniper.bailey@email.com.us,(566) 780-4307,Chula Vista
574,Harley Henderson,harley.henderson@mail.net.us,(355) 663-2568,Oceanside
575,Rowan Kelly,rowan.kelly@sample.com.us,(590) 487-1389,Escondido
576,Sage Brooks,sage.brooks@workmail.com.us,(608) 804-7465,Fontana
577,Axel Sanders,axel.sanders@personal.com.us,(866) 026-2178,Moreno Valley
578,Indigo Hayes,indigo.hayes@online.com.us,(699) 128-5282,Ontario
579,Wren Bennett,wren.bennett@digital.com.us,(838) 720-7123,Pomona
580,Forrest Wood,forrest.wood@emailers.com.us,(799) 521-6386,Corona
581,Summer Barnes,summer.barnes@mymail.com.us,(679) 406-3786,Pasadena
582,Winter Price,winter.price@netmail.com.us,(961) 382-2467,Glendale
583,Autumn Rivera,autumn.rivera@email.net.us,(657) 830-7537,Long Beach
584,Blaze Coleman,blaze.coleman@mail.net.us,(373) 501-2512,Huntington Beach
585,Skylar Jenkins,skylar.jenkins@sample.net.us,(560) 517-5914,Santa Ana
586,River Perry,river.perry@workmail.net.us,(243) 790-5320,Anaheim
587,Juniper Murphy,juniper.murphy@personal.net.us,(689) 451-7676,Irvine
588,Harley Bailey,harley.bailey@online.net.us,(246) 699-5514,San Bernardino
589,Rowan Henderson,rowan.henderson@digital.net.us,(861) 073-7097,Riverside
590,Sage Kelly,sage.kelly@emailers.net,(242) 171-3376,Anaheim
591,Axel Brooks,axel.brooks@mymail.net.us,626-555-8765,San Diego
592,Indigo Sanders,indigo.sanders@netmail.net.us,909-555-2345,Chula Vista
593,Wren Hayes,wren.hayes@email.com.us,714-555-9876,Oceanside
594,Forrest Bennett,forrest.bennett@mail.com.us,818-555-3456,Escondido
595,Summer Wood,summer.wood@sample.com.us,562-555-0123,Fontana
596,Winter Barnes,winter.barnes@workmail.com.us,310-555-7890,Moreno Valley
597,Autumn Price,autumn.price@personal.com.us,949-555-4567,Ontario
598,Blaze Rivera,blaze.rivera@online.com.us,424-555-1234,Pomona
599,Skylar Coleman,skylar.coleman@digital.com.us,323-555-8901,Corona
600,River Jenkins,river.jenkins@emailers.com.us,805-555-5678,Pasadena
601,Juniper Perry,juniper.perry@mymail.com.us,760-555-2345,Glendale
602,Harley Murphy,harley.murphy@netmail.com.us,951-555-9012,Long Beach
603,Rowan Bailey,rowan.bailey@email.net.us,619-555-6789,Huntington Beach
604,Sage Henderson,sage.henderson@mail.net.us,858-555-3456,Santa Ana
605,Axel Kelly,axel.kelly@sample.net.us,707-555-0123,Anaheim
606,Indigo Brooks,indigo.brooks@workmail.net.us,925-555-7890,Irvine
607,Wren Sanders,wren.sanders@personal.net.us,510-555-4567,San Bernardino
608,Forrest Hayes,forrest.hayes@online.net.us,415-555-1234,Riverside
609,Summer Bennett,summer.bennett@digital.net.us,213-555-8901,San Diego
610,Winter Wood,winter.wood@emailers.net.us,650-555-5678,Chula Vista
611,Autumn Barnes,autumn.barnes@mymail.net.us,909-555-2346,Oceanside
612,Blaze Price,blaze.price@netmail.net.us,714-555-9877,Escondido
613,Skylar Rivera,skylar.rivera@email.com.us,818-555-3457,Fontana
614,River Coleman,river.coleman@mail.com.us,562-555-0124,Moreno Valley
615,Juniper Jenkins,juniper.jenkins@sample.com.us,310-555-7891,Ontario
616,Harley Perry,harley.perry@workmail.com.us,949-555-4568,Pomona
617,Rowan Murphy,rowan.murphy@personal.com.us,424-555-1235,Corona
618,Sage Bailey,sage.bailey@online.com.us,323-555-8902,Pasadena
619,Axel Henderson,axel.henderson@digital.com.us,805-555-5679,Glendale
620,Indigo Kelly,indigo.kelly@emailers.com.us,760-555-2346,Long Beach
621,Wren Brooks,wren.brooks@mymail.com.us,951-555-9013,Huntington Beach
622,Forrest Sanders,forrest.sanders@netmail.com.us,619-555-6790,Santa Ana
623,Summer Hayes,summer.hayes@email.net.us,858-555-3457,Anaheim
624,Winter Bennett,winter.bennett@mail.net.us,707-555-0124,Irvine
625,Autumn Wood,autumn.wood@sample.net.us,925-555-7891,San Bernardino
626,Blaze Barnes,blaze.barnes@workmail.net.us,510-555-4568,Riverside
627,Skylar Price,skylar.price@personal.net.us,415-555-1235,San Diego
628,River Rivera,river.rivera@online.net.us,213-555-8902,Chula Vista
629,Juniper Coleman,juniper.coleman@digital.net.us,650-555-5680,Oceanside
630,Harley Jenkins,harley.jenkins@emailers.net.us,909-555-2347,Escondido
631,Rowan Perry,rowan.perry@mymail.net.us,714-555-9878,Fontana
632,Sage Murphy,sage.murphy@netmail.net.us,818-555-3458,Moreno Valley
633,Axel Bailey,axel.bailey@email.com.us,562-555-0125,Ontario
634,Indigo Henderson,indigo.henderson@mail.com.us,310-555-7892,Pomona
635,Wren Kelly,wren.kelly@sample.com.us,949-555-4569,Corona
636,Forrest Brooks,forrest.brooks@workmail.com.us,424-555-1236,Pasadena
637,Summer Sanders,summer.sanders@personal.com.us,323-555-8903,Glendale
638,Winter Hayes,winter.hayes@online.com.us,805-555-5681,Long Beach
639,Autumn Bennett,autumn.bennett@digital.com.us,760-555-2347,Huntington Beach
640,Blaze Wood,blaze.wood@emailers.com.us,951-555-9014,Santa Ana
641,Skylar Barnes,skylar.barnes@mymail.com.us,619-555-6791,Anaheim
642,River Price,river.price@netmail.com.us,858-555-3458,Irvine
643,Juniper Rivera,juniper.rivera@email.net.us,707-555-0125,San Bernardino
644,Harley Coleman,harley.coleman@mail.net.us,925-555-7892,Riverside
645,Rowan Jenkins,rowan.jenkins@sample.net.us,510-555-4569,San Diego
646,Sage Perry,sage.perry@workmail.net.us,415-555-1236,Chula Vista
647,Axel Murphy,axel.murphy@personal.com.us,213-555-8904,Oceanside
648,Indigo Bailey,indigo.bailey@online.net.us,650-555-5682,Escondido
649,Wren Henderson,wren.henderson@digital.net.us,909-555-2348,Fontana
650,Forrest Kelly,forrest.kelly@emailers.net.us,714-555-9879,Moreno Valley
651,Summer Brooks,summer.brooks@mymail.net.us,818-555-3459,Ontario
652,Winter Sanders,winter.sanders@netmail.net.us,562-555-0126,Pomona
653,Autumn Hayes,autumn.hayes@email.com.us,310-555-7893,Corona
654,Blaze Bennett,blaze.bennett@mail.com.us,949-555-4570,Pasadena
655,Skylar Wood,skylar.wood@sample.com.us,424-555-1237,Glendale
656,River Barnes,river.barnes@workmail.com.us,323-555-8905,Long Beach
657,Juniper Price,juniper.price@personal.com.us,805-555-5683,Huntington Beach
658,Harley Rivera,harley.rivera@online.com.us,760-555-2348,Santa Ana
659,Rowan Coleman,rowan.coleman@digital.com.us,951-555-9015,Anaheim
660,Sage Jenkins,sage.jenkins@emailers.com.us,619-555-6792,Irvine
661,Axel Perry,axel.perry@mymail.com.us,858-555-3459,San Bernardino
662,Indigo Murphy,indigo.murphy@netmail.com.us,707-555-0126,Riverside
663,Wren Bailey,wren.bailey@email.net.us,925-555-7893,San Diego
664,Forrest Henderson,forrest.henderson@mail.net.us,510-555-4570,Chula Vista
665,Summer Kelly,summer.kelly@sample.net.us,415-555-1237,Oceanside
666,Winter Brooks,winter.brooks@workmail.net.us,213-555-8906,Escondido
667,Autumn Sanders,autumn.sanders@personal.net.us,650-555-5684,Fontana
668,Blaze Hayes,blaze.hayes@online.net.us,909-555-2349,Moreno Valley
669,Skylar Bennett,skylar.bennett@digital.net.us,714-555-9880,Ontario
670,River Wood,river.wood@emailers.net.us,818-555-3460,Pomona
671,Juniper Barnes,juniper.barnes@mymail.net.us,562-555-0127,Corona
672,Harley Price,harley.price@netmail.net.us,310-555-7894,Pasadena
673,Rowan Rivera,rowan.rivera@email.com.us,949-555-4571,Glendale
674,Sage Coleman,sage.coleman@mail.com.us,424-555-1238,Long Beach
675,Axel Jenkins,axel.jenkins@sample.com.us,323-555-8907,Huntington Beach
676,Indigo Perry,indigo.perry@workmail.com.us,805-555-5685,Santa Ana
677,Wren Murphy,wren.murphy@personal.com.us,760-555-2349,Anaheim
678,Forrest Bailey,forrest.bailey@online.com.us,951-555-9016,Irvine
679,Summer Henderson,summer.henderson@digital.com.us,619-555-6793,San Bernardino
680,Winter Kelly,winter.kelly@emailers.com.us,858-555-3460,Riverside
681,Autumn Brooks,autumn.brooks@mymail.com.us,707-555-0127,San Diego
682,Blaze Sanders,blaze.sanders@netmail.com.us,925-555-7894,Chula Vista
683,Skylar Hayes,skylar.hayes@email.net.us,510-555-9876,Irvine
684,River Wood,river.wood@emailers.net.us,415-555-1239,Oceanside
685,Juniper Barnes,juniper.barnes@mymail.net.us,213-555-8908,Escondido
686,Harley Price,harley.price@netmail.net.us,650-555-5686,Fontana
687,Rowan Rivera,rowan.rivera@email.com.us,909-555-2350,Moreno Valley
688,Sage Coleman,sage.coleman@mail.com.us,714-555-9881,Ontario
689,Axel Jenkins,axel.jenkins@sample.com.us,818-555-3461,Pomona
690,Indigo Perry,indigo.perry@workmail.com.us,562-555-0128,Corona
691,Wren Murphy,wren.murphy@personal.com.us,310-555-7895,Pasadena
692,Forrest Bailey,forrest.bailey@online.com.us,949-555-4572,Glendale
693,Summer Henderson,summer.henderson@digital.com.us,424-555-1240,Long Beach
694,Winter Kelly,winter.kelly@emailers.com.us,323-555-8909,Huntington Beach
695,Autumn Brooks,autumn.brooks@mymail.com.us,805-555-5687,Santa Ana
696,Blaze Sanders,blaze.sanders@netmail.com.us,760-555-2350,Anaheim
697,Skylar Hayes,skylar.hayes@email.net.us,951-555-9017,Irvine
698,River Bennett,river.bennett@mail.net.us,619-555-6794,San Bernardino
699,Juniper Wood,juniper.wood@sample.net.us,858-555-3461,Riverside
700,Harley Barnes,harley.barnes@workmail.net.us,707-555-0128,San Diego
701,Rowan Price,rowan.price@personal.net.us,925-555-7895,Chula Vista
702,Sage Rivera,sage.rivera@online.net.us,510-555-4572,Oceanside
703,Axel Coleman,axel.coleman@digital.net.us,415-555-1241,Escondido
704,Indigo Jenkins,indigo.jenkins@emailers.net.us,213-555-8910,Fontana
705,Wren Perry,wren.perry@mymail.net.us,650-555-5688,Moreno Valley
706,Forrest Murphy,forrest.murphy@netmail.net.us,909-555-2351,Ontario
707,Summer Bailey,summer.bailey@email.com.us,714-555-9882,Pomona
708,Winter Henderson,winter.henderson@mail.com.us,818-555-3462,Corona
709,Autumn Kelly,autumn.kelly@sample.com.us,562-555-0129,Pasadena
710,Blaze Brooks,blaze.brooks@workmail.com.us,310-555-7896,Glendale
711,Skylar Sanders,skylar.sanders@personal.com.us,949-555-4573,Long Beach
712,River Hayes,river.hayes@online.com.us,424-555-1242,Huntington Beach
713,Juniper Bennett,juniper.bennett@digital.com.us,323-555-8911,Santa Ana
714,Harley Wood,harley.wood@emailers.com.us,805-555-5689,Anaheim
715,Rowan Barnes,rowan.barnes@mymail.com.us,760-555-2351,Irvine
716,Sage Price,sage.price@netmail.com.us,951-555-9018,San Bernardino
717,Axel Rivera,axel.rivera@email.net.us,619-555-6795,Riverside
718,Indigo Coleman,indigo.coleman@mail.net.us,858-555-3462,San Diego
719,Wren Jenkins,wren.jenkins@sample.net.us,707-555-0129,Chula Vista
720,Forrest Perry,forrest.perry@workmail.net.us,925-555-7896,Oceanside
721,Summer Murphy,summer.murphy@personal.net.us,510-555-4573,Escondido
722,Winter Bailey,winter.bailey@online.net.us,415-555-1243,Fontana
723,Autumn Henderson,autumn.henderson@digital.net.us,213-555-8912,Moreno Valley
724,Blaze Kelly,blaze.kelly@emailers.net.us,650-555-5690,Ontario
725,Skylar Brooks,skylar.brooks@mymail.com.us,909-555-2352,Pomona
726,River Sanders,river.sanders@netmail.com.us,714-555-9883,Corona
727,Juniper Hayes,juniper.hayes@email.net.us,818-555-3463,Pasadena
728,Harley Bennett,harley.bennett@mail.net.us,562-555-0130,Glendale
729,Rowan Wood,rowan.wood@sample.net.us,310-555-7897,Long Beach
730,Sage Barnes,sage.barnes@workmail.net.us,949-555-4574,Huntington Beach
731,Axel Price,axel.price@personal.net.us,424-555-1244,Santa Ana
732,Indigo Rivera,indigo.rivera@online.net.us,323-555-8913,Anaheim
733,Wren Coleman,wren.coleman@digital.net.us,805-555-5691,Irvine
734,Forrest Jenkins,forrest.jenkins@emailers.net.us,760-555-2352,San Bernardino
735,Summer Perry,summer.perry@mymail.net.us,951-555-9019,Riverside
736,Winter Murphy,winter.murphy@netmail.net.us,619-555-6796,San Diego
737,Autumn Bailey,autumn.bailey@email.com.us,858-555-3463,Chula Vista
738,Blaze Henderson,blaze.henderson@mail.net.us,707-555-0130,Oceanside
739,Skylar Kelly,skylar.kelly@sample.com.us,925-555-7897,Escondido
740,River Brooks,river.brooks@workmail.com.us,510-555-4574,Fontana
741,Juniper Sanders,juniper.sanders@personal.com.us,415-555-1245,Moreno Valley
742,Harley Hayes,harley.hayes@online.com.us,213-555-8914,Ontario
743,Rowan Bennett,rowan.bennett@digital.com.us,650-555-5692,Pomona
744,Sage Wood,sage.wood@emailers.com.us,909-555-2353,Corona
745,Axel Barnes,axel.barnes@mymail.com.us,714-555-9884,Pasadena
746,Indigo Price,indigo.price@netmail.com.us,818-555-3464,Glendale
747,Wren Rivera,wren.rivera@email.net.us,562-555-0131,Long Beach
748,Forrest Coleman,forrest.coleman@mail.net.us,310-555-7898,Huntington Beach
749,Summer Jenkins,summer.jenkins@sample.net.us,949-555-4575,Santa Ana
750,Winter Perry,winter.perry@workmail.net.us,424-555-1246,Anaheim
751,Autumn Murphy,autumn.murphy@personal.net.us,323-555-8915,Irvine
752,Blaze Bailey,blaze.bailey@online.net.us,805-555-5693,San Bernardino
753,Skylar Henderson,skylar.henderson@digital.net.us,760-555-2353,Riverside
754,River Kelly,river.kelly@emailers.net.us,951-555-9020,San Diego
755,Juniper Brooks,juniper.brooks@mymail.net.us,619-555-6797,Chula Vista
756,Harley Sanders,harley.sanders@netmail.net.us,858-555-3464,Oceanside
757,Rowan Hayes,rowan.hayes@email.net.us,707-555-0131,Escondido
758,Sage Bennett,sage.bennett@mail.net.us,925-555-7898,Fontana
759,Axel Wood,axel.wood@sample.net.us,510-555-4575,Moreno Valley
760,Indigo Barnes,indigo.barnes@workmail.net.us,415-555-1247,Ontario
761,Wren Price,wren.price@personal.net.us,213-555-8916,Pomona
762,Forrest Rivera,forrest.rivera@online.net.us,650-555-5694,Corona
763,Summer Coleman,summer.coleman@digital.net.us,909-555-2354,Pasadena
764,Winter Jenkins,winter.jenkins@emailers.net.us,714-555-9885,Glendale
765,Autumn Perry,autumn.perry@mymail.net.us,818-555-3465,Long Beach
766,Blaze Murphy,blaze.murphy@netmail.net.us,562-555-0132,Huntington Beach
767,Skylar Bailey,skylar.bailey@email.net.us,310-555-7899,Santa Ana
768,River Henderson,river.henderson@mail.net.us,949-555-4576,Anaheim
769,Juniper Kelly,juniper.kelly@sample.net.us,424-555-1248,Irvine
770,Harley Brooks,harley.brooks@workmail.net.us,323-555-8917,San Bernardino
771,Rowan Sanders,rowan.sanders@personal.net.us,805-555-5695,Riverside
772,Sage Hayes,sage.hayes@online.net.us,760-555-2354,San Diego
773,Axel Bennett,axel.bennett@digital.net.us,951-555-9021,Chula Vista
774,Indigo Wood,indigo.wood@emailers.net.us,619-555-6798,Oceanside
775,Wren Barnes,wren.barnes@mymail.net.us,858-555-3465,Escondido
776,Forrest Price,forrest.price@netmail.net.us,707-555-0132,Fontana
777,Summer Rivera,summer.rivera@email.com.us,987-987-9875,San Diego
778,Winter Coleman,winter.coleman@mail.com.us,925-555-7899,Moreno Valley
779,Autumn Jenkins,autumn.jenkins@sample.com.us,510-555-4576,Ontario
780,Blaze Perry,blaze.perry@workmail.com.us,415-555-1249,Pomona
781,Skylar Murphy,skylar.murphy@personal.com.us,213-555-8917,Corona
782,River Bailey,river.bailey@online.com.us,650-555-5696,Pasadena
783,Juniper Henderson,juniper.henderson@digital.com.us,909-555-2355,Glendale
784,Harley Kelly,harley.kelly@emailers.com.us,714-555-9886,Long Beach
785,Rowan Brooks,rowan.brooks@mymail.com.us,818-555-3466,Huntington Beach
786,Sage Sanders,sage.sanders@netmail.com.us,562-555-0133,Santa Ana
787,Axel Hayes,axel.hayes@email.net.us,310-555-7900,Anaheim
788,Indigo Bennett,indigo.bennett@mail.com.us,949-555-4577,Irvine
789,Wren Wood,wren.wood@sample.com.us,424-555-1250,San Bernardino
790,Forrest Barnes,forrest.barnes@workmail.net.us,323-555-8918,Riverside
791,Summer Price,summer.price@personal.net.us,805-555-5697,San Diego
792,Winter Rivera,winter.rivera@online.net.us,760-555-2355,Chula Vista
793,Autumn Coleman,autumn.coleman@digital.net.us,951-555-9022,Oceanside
794,Blaze Jenkins,blaze.jenkins@emailers.net.us,619-555-6799,Escondido
795,Skylar Perry,skylar.perry@mymail.net.us,858-555-3466,Fontana
796,River Murphy,river.murphy@netmail.net.us,707-555-0133,Moreno Valley
797,Juniper Bailey,juniper.bailey@email.com.us,925-555-7900,Ontario
798,Harley Henderson,harley.henderson@mail.net.us,510-555-4577,Pomona
799,Rowan Kelly,rowan.kelly@sample.com.us,415-555-1251,Corona
800,Sage Brooks,sage.brooks@workmail.com.us,213-555-8919,Pasadena
801,Axel Sanders,axel.sanders@personal.com.us,650-555-5698,Glendale
802,Indigo Hayes,indigo.hayes@online.com.us,909-555-2356,Long Beach
803,Wren Bennett,wren.bennett@digital.com.us,714-555-9887,Huntington Beach
804,Forrest Wood,forrest.wood@emailers.com.us,818-555-3467,Santa Ana
805,Summer Barnes,summer.barnes@mymail.com.us,562-555-0134,Anaheim
806,Winter Price,winter.price@netmail.com.us,310-555-7901,Irvine
807,Autumn Rivera,autumn.rivera@email.net.us,949-555-4578,San Bernardino
808,Blaze Coleman,blaze.coleman@mail.net.us,424-555-1252,Riverside
809,Skylar Jenkins,skylar.jenkins@sample.net.us,323-555-8920,San Diego
810,River Perry,river.perry@workmail.net.us,805-555-5699,Chula Vista
811,Juniper Murphy,juniper.murphy@personal.net.us,760-555-2356,Oceanside
812,Harley Bailey,harley.bailey@online.com.us,951-555-9023,Escondido
813,Rowan Henderson,rowan.henderson@digital.net.us,619-555-6800,Fontana
814,Sage Kelly,sage.kelly@emailers.net.us,858-555-3467,Moreno Valley
815,Axel Brooks,axel.brooks@mymail.net.us,707-555-0134,Ontario
816,Indigo Sanders,indigo.sanders@netmail.net.us,925-555-7901,Pomona
817,Wren Hayes,wren.hayes@email.com.us,510-555-4578,Corona
818,Forrest Bennett,forrest.bennett@mail.com.us,415-555-1253,Pasadena
819,Summer Wood,summer.wood@sample.com.us,213-555-8921,Glendale
820,Winter Barnes,winter.barnes@workmail.com.us,650-555-5700,Long Beach
821,Autumn Price,autumn.price@personal.com.us,909-555-2357,Huntington Beach
822,Blaze Rivera,blaze.rivera@online.com.us,714-555-9888,Santa Ana
823,Skylar Coleman,skylar.coleman@digital.com.us,818-555-3468,Anaheim
824,River Jenkins,river.jenkins@emailers.com.us,562-555-0135,Irvine
825,Juniper Perry,juniper.perry@mymail.com.us,310-555-7902,San Bernardino
826,Harley Murphy,harley.murphy@netmail.com.us,949-555-4579,Riverside
827,Rowan Bailey,rowan.bailey@email.net.us,424-555-1254,San Diego
828,Sage Henderson,sage.henderson@mail.net.us,323-555-8922,Chula Vista
829,Axel Kelly,axel.kelly@sample.net.us,805-555-5701,Oceanside
830,Indigo Brooks,indigo.brooks@workmail.net.us,760-555-2357,Escondido
831,Wren Sanders,wren.sanders@personal.net.us,951-555-9024,Fontana
832,Forrest Hayes,forrest.hayes@online.net.us,619-555-6801,Moreno Valley
833,Summer Bennett,summer.bennett@digital.net.us,858-555-3468,Ontario
834,Winter Wood,winter.wood@emailers.net.us,707-555-0135,Pomona
835,Autumn Barnes,autumn.barnes@mymail.net.us,925-555-7902,Corona
836,Blaze Price,blaze.price@netmail.net.us,510-555-4579,Pasadena
837,Skylar Rivera,skylar.rivera@email.com.us,415-555-1255,Glendale
838,River Coleman,river.coleman@mail.com.us,213-555-8923,Long Beach
839,Juniper Jenkins,juniper.jenkins@sample.com.us,650-555-5702,Huntington Beach
840,Harley Perry,harley.perry@workmail.com.us,909-555-2358,Santa Ana
841,Rowan Murphy,rowan.murphy@personal.com.us,714-555-9889,Anaheim
842,Sage Bailey,sage.bailey@online.com.us,818-555-3469,Irvine
843,Axel Henderson,axel.henderson@digital.com.us,562-555-0136,San Bernardino
844,Indigo Kelly,indigo.kelly@emailers.com.us,310-555-7903,Riverside
845,Wren Brooks,wren.brooks@mymail.com.us,949-555-4580,San Diego
846,Forrest Sanders,forrest.sanders@netmail.com.us,424-555-1256,Chula Vista
847,Summer Hayes,summer.hayes@email.net.us,323-555-8924,Oceanside
848,Winter Bennett,winter.bennett@mail.net.us,805-555-5703,Escondido
849,Autumn Wood,autumn.wood@sample.net.us,760-555-2358,Fontana
850,Blaze Barnes,blaze.barnes@workmail.net.us,951-555-9025,Moreno Valley
851,Skylar Price,skylar.price@personal.net.us,619-555-6802,Ontario
852,River Rivera,river.rivera@online.net.us,858-555-3469,Pomona
853,Juniper Coleman,juniper.coleman@digital.net.us,707-555-0136,Corona
854,Harley Jenkins,harley.jenkins@emailers.net.us,925-555-7903,Pasadena
855,Rowan Perry,rowan.perry@mymail.net.us,510-555-4580,Glendale
856,Sage Murphy,sage.murphy@netmail.net.us,415-555-1257,Long Beach
857,Axel Bailey,axel.bailey@email.com.us,213-555-8925,Huntington Beach
858,Indigo Henderson,indigo.henderson@mail.com.us,650-555-5704,Santa Ana
859,Wren Kelly,wren.kelly@sample.com.us,909-555-2359,Anaheim
860,Forrest Brooks,forrest.brooks@workmail.com.us,714-555-9890,Irvine
861,Summer Sanders,summer.sanders@personal.com.us,818-555-3470,San Bernardino
862,Winter Hayes,winter.hayes@online.com.us,562-555-0137,Riverside
863,Autumn Bennett,autumn.bennett@digital.com.us,310-555-7904,San Diego
864,Blaze Wood,blaze.wood@emailers.com.us,949-555-4581,Chula Vista
865,Skylar Barnes,skylar.barnes@mymail.com.us,424-555-1258,Oceanside
866,River Price,river.price@netmail.com.us,323-555-8926,Escondido
867,Juniper Rivera,juniper.rivera@email.net.us,805-555-5705,Fontana
868,Harley Coleman,harley.coleman@mail.net.us,760-555-2359,Moreno Valley
869,Rowan Jenkins,rowan.jenkins@sample.net.us,951-555-9026,Ontario
870,Sage Perry,sage.perry@workmail.net.us,619-555-6803,Pomona
871,Axel Murphy,axel.murphy@personal.com.us,987-765-0876,San Diego
872,Indigo Bailey,indigo.bailey@online.net.us,858-555-3470,Corona
873,Wren Henderson,wren.henderson@digital.net.us,707-555-0137,Pasadena
874,Forrest Kelly,forrest.kelly@emailers.net.us,925-555-7904,Glendale
875,Summer Brooks,summer.brooks@mymail.net.us,510-555-4581,Long Beach
876,Winter Sanders,winter.sanders@netmail.net.us,415-555-1259,Huntington Beach
877,Autumn Hayes,autumn.hayes@email.com.us,213-555-8927,Santa Ana
878,Blaze Bennett,blaze.bennett@mail.com.us,650-555-5706,Anaheim
879,Skylar Wood,skylar.wood@sample.com.us,909-555-2360,Irvine
880,River Barnes,river.barnes@workmail.com.us,714-555-9891,San Bernardino
881,Juniper Price,juniper.price@personal.com.us,818-555-3471,Riverside
882,Harley Rivera,harley.rivera@online.com.us,562-555-0138,San Diego
883,Rowan Coleman,rowan.coleman@digital.com.us,310-555-7905,Chula Vista
884,Sage Jenkins,sage.jenkins@emailers.com.us,949-555-4582,Oceanside
885,Axel Perry,axel.perry@mymail.com.us,424-555-1260,Escondido
886,Indigo Murphy,indigo.murphy@netmail.com.us,323-555-8928,Fontana
887,Wren Bailey,wren.bailey@email.net.us,805-555-5707,Moreno Valley
888,Forrest Henderson,forrest.henderson@mail.net.us,760-555-2360,Ontario
889,Summer Kelly,summer.kelly@sample.net.us,951-555-9027,Pomona
890,Winter Brooks,winter.brooks@workmail.net.us,619-555-6804,Corona
891,Autumn Sanders,autumn.sanders@personal.net.us,858-555-3471,Pasadena
892,Blaze Hayes,blaze.hayes@online.net.us,707-555-0138,Glendale
893,Skylar Bennett,skylar.bennett@digital.net.us,925-555-7905,Long Beach
894,River Wood,river.wood@emailers.net.us,510-555-4582,Huntington Beach
895,Juniper Barnes,juniper.barnes@mymail.net.us,415-555-1261,Santa Ana
896,Harley Price,harley.price@netmail.net.us,213-555-8929,Anaheim
897,Rowan Rivera,rowan.rivera@email.com.us,650-555-5708,Irvine
898,Sage Coleman,sage.coleman@mail.com.us,909-555-2361,San Bernardino
899,Axel Jenkins,axel.jenkins@sample.com.us,714-555-9892,Riverside
900,Indigo Perry,indigo.perry@workmail.com.us,818-555-3472,San Diego
901,Wren Murphy,wren.murphy@personal.com.us,562-555-0139,Chula Vista
902,Forrest Bailey,forrest.bailey@online.com.us,310-555-7906,Oceanside
903,Summer Henderson,summer.henderson@digital.com.us,949-555-4583,Escondido
904,Winter Kelly,winter.kelly@emailers.com.us,424-555-1262,Fontana
905,Autumn Brooks,autumn.brooks@mymail.com.us,323-555-8930,Moreno Valley
906,Blaze Sanders,blaze.sanders@netmail.com.us,805-555-5709,Ontario
907,Skylar Hayes,skylar.hayes@email.net.us,760-555-2361,Pomona
908,River Bennett,river.bennett@mail.net.us,951-555-9028,Corona
909,Juniper Wood,juniper.wood@sample.net.us,619-555-6805,Pasadena
910,Harley Barnes,harley.barnes@workmail.net.us,858-555-3472,Glendale
911,Rowan Price,rowan.price@personal.net.us,707-555-0139,Long Beach
912,Sage Rivera,sage.rivera@online.net.us,925-555-7906,Huntington Beach
913,Axel Coleman,axel.coleman@digital.net.us,510-555-4583,Santa Ana
914,Indigo Jenkins,indigo.jenkins@emailers.net.us,415-555-1263,Anaheim
915,Wren Perry,wren.perry@mymail.net.us,213-555-8931,Irvine
916,Forrest Murphy,forrest.murphy@netmail.net.us,650-555-5710,San Bernardino
917,Summer Bailey,summer.bailey@email.com.us,909-555-2362,Riverside
918,Winter Henderson,winter.henderson@mail.com.us,714-555-9893,San Diego
919,Autumn Kelly,autumn.kelly@sample.com.us,818-555-3473,Chula Vista
920,Blaze Brooks,blaze.brooks@workmail.com.us,562-555-0140,Oceanside
921,Skylar Sanders,skylar.sanders@personal.com.us,310-555-7907,Escondido
922,River Hayes,river.hayes@online.com.us,949-555-4584,Fontana
923,Juniper Bennett,juniper.bennett@digital.com.us,424-555-1264,Moreno Valley
924,Harley Wood,harley.wood@emailers.com.us,323-555-8932,Ontario
925,Rowan Barnes,rowan.barnes@mymail.com.us,805-555-5711,Pomona
926,Sage Price,sage.price@netmail.com.us,760-555-2362,Corona
927,Axel Rivera,axel.rivera@email.net.us,951-555-9029,Pasadena
928,Indigo Coleman,indigo.coleman@mail.net.us,619-555-6806,Glendale
929,Wren Jenkins,wren.jenkins@sample.net.us,858-555-3473,Long Beach
930,Forrest Perry,forrest.perry@workmail.net.us,707-555-0140,Huntington Beach
931,Summer Murphy,summer.murphy@personal.net.us,925-555-7907,Santa Ana
932,Winter Bailey,winter.bailey@online.net.us,510-555-4584,Anaheim
933,Autumn Henderson,autumn.henderson@digital.net.us,415-555-1265,Irvine
934,Blaze Kelly,blaze.kelly@emailers.net.us,213-555-8933,San Bernardino
935,Skylar Brooks,skylar.brooks@mymail.com.us,650-555-5712,Riverside
936,River Sanders,river.sanders@netmail.com.us,909-555-2363,San Diego
937,Juniper Hayes,juniper.hayes@email.net.us,714-555-9894,Chula Vista
938,Harley Bennett,harley.bennett@mail.net.us,818-555-3474,Oceanside
939,Rowan Wood,rowan.wood@sample.net.us,562-555-0141,Escondido
940,Sage Barnes,sage.barnes@workmail.net.us,310-555-7908,Fontana
941,Axel Price,axel.price@personal.net.us,949-555-4585,Moreno Valley
942,Indigo Rivera,indigo.rivera@online.net.us,424-555-1266,Ontario
943,Wren Coleman,wren.coleman@digital.net.us,323-555-8934,Pomona
944,Forrest Jenkins,forrest.jenkins@emailers.net.us,805-555-5713,Corona
945,Summer Perry,summer.perry@mymail.net.us,760-555-2363,Pasadena
946,Winter Murphy,winter.murphy@netmail.net.us,951-555-9030,Glendale
947,Autumn Bailey,autumn.bailey@email.com.us,619-555-6807,Long Beach
948,Blaze Henderson,blaze.henderson@mail.com.us,858-555-3474,Huntington Beach
949,Skylar Kelly,skylar.kelly@sample.com.us,707-555-0141,Santa Ana
950,River Brooks,river.brooks@workmail.com.us,925-555-7908,Anaheim
951,Juniper Sanders,juniper.sanders@personal.com.us,510-555-4585,Irvine
952,Harley Hayes,harley.hayes@online.com.us,415-555-1267,San Bernardino
953,Rowan Bennett,rowan.bennett@digital.com.us,213-555-8935,Riverside
954,Sage Wood,sage.wood@emailers.com.us,650-555-5714,San Diego
955,Axel Barnes,axel.barnes@mymail.com.us,909-555-2364,Chula Vista
956,Indigo Price,indigo.price@netmail.com.us,714-555-9895,Oceanside
957,Wren Rivera,wren.rivera@email.net.us,818-555-3475,Escondido
958,Forrest Coleman,forrest.coleman@mail.net.us,562-555-0142,Fontana
959,Summer Jenkins,summer.jenkins@sample.net.us,310-555-7909,Moreno Valley
960,Winter Perry,winter.perry@workmail.net.us,949-555-4586,Ontario
961,Autumn Murphy,autumn.murphy@personal.net.us,424-555-1268,Pomona
962,Blaze Bailey,blaze.bailey@online.net.us,323-555-8936,Corona
963,Skylar Henderson,skylar.henderson@digital.net.us,805-555-5715,Pasadena
964,River Kelly,river.kelly@emailers.net.us,760-555-2364,Glendale
965,Juniper Brooks,juniper.brooks@mymail.net.us,788-876-9087,
966,Harley Sanders,harley.sanders@netmail.net.us,619-555-6808,Long Beach
967,Rowan Hayes,rowan.hayes@email.net.us,858-555-3475,Huntington Beach
968,Sage Bennett,sage.bennett@mail.net.us,707-555-0142,Santa Ana
969,Axel Wood,axel.wood@sample.net.us,925-555-7909,Anaheim
970,Indigo Barnes,indigo.barnes@workmail.net.us,510-555-4586,Irvine
971,Wren Price,wren.price@personal.net.us,415-555-1269,San Bernardino
972,Forrest Rivera,forrest.rivera@online.net.us,213-555-8937,Riverside
973,Summer Coleman,summer.coleman@digital.net.us,650-555-5716,San Diego
974,Winter Jenkins,winter.jenkins@emailers.net.us,909-555-2365,Chula Vista
975,Autumn Perry,autumn.perry@mymail.net.us,714-555-9896,Oceanside
976,Blaze Murphy,blaze.murphy@netmail.net.us,818-555-3476,Escondido
977,Skylar Bailey,skylar.bailey@email.net.us,562-555-0143,Fontana
978,River Henderson,river.henderson@mail.net.us,310-555-7910,Moreno Valley
979,Juniper Kelly,juniper.kelly@sample.net.us,949-555-4587,Ontario
980,Harley Brooks,harley.brooks@workmail.net.us,424-555-1270,Pomona
981,Rowan Sanders,rowan.sanders@personal.net.us,323-555-8938,Corona
982,Sage Hayes,sage.hayes@online.net.us,805-555-5717,Pasadena
983,Axel Bennett,axel.bennett@digital.net.us,760-555-2365,Glendale
984,Indigo Wood,indigo.wood@emailers.net.us,951-555-9031,Long Beach
985,Wren Barnes,wren.barnes@mymail.net.us,619-555-6809,Huntington Beach
986,Forrest Price,forrest.price@netmail.net.us,858-555-3476,Santa Ana
987,Summer Rivera,summer.rivera@email.com.us,707-555-0143,Anaheim
988,Winter Coleman,winter.coleman@mail.com.us,925-555-7910,Irvine
989,Autumn Jenkins,autumn.jenkins@sample.com.us,510-555-4587,San Bernardino
990,Blaze Perry,blaze.perry@workmail.com.us,415-555-1271,Riverside
991,Skylar Murphy,skylar.murphy@personal.com.us,213-555-8939,San Diego
992,River Bailey,river.bailey@online.com.us,650-555-5718,Chula Vista
993,Juniper Henderson,juniper.henderson@digital.com.us,909-555-2366,Oceanside
994,Harley Kelly,harley.kelly@emailers.com.us,714-555-9897,Escondido
995,Rowan Brooks,rowan.brooks@mymail.com.us,818-555-3477,Fontana
996,Sage Sanders,sage.sanders@netmail.com.us,562-555-0144,Moreno Valley
997,Axel Hayes,axel.hayes@email.net.us,310-555-7911,Ontario
998,Indigo Bennett,indigo.bennett@mail.com.us,949-555-4588,Pomona
999,Wren Wood,wren.wood@sample.com.us,424-555-1272,Corona
1000,Forrest Barnes,forrest.barnes@workmail.net.us,323-555-8940,Pasadena
